address,email,name,user_id
"94768 Fanny Flats
North Calhounborough, HI 26636",mckenzie.stetson@yahoo.com,Delila Okuneva,0
"8619 Treutel Circle Suite 540
Luettgenfurt, ME 22891-6978",pwelch@hotmail.com,Dr. Rob Bogisich II,1
"860 Caleigh Tunnel Apt. 935
Port Akiraview, KY 42444",edra41@schuppe.com,Selah Goodwin,2
"13281 Allie Flats
West Montelfurt, MD 45447",qrohan@gmail.com,Shante Bergnaum,3
"8378 Cyntha Spurs Apt. 670
South Mikaela, HI 73129-3673",vjast@watsica.info,Ember Rowe,4
"157 Wunsch Common Apt. 271
Lake Angelicton, MD 82853",fadel.johnathan@hotmail.com,Miss Sommer Lind PhD,5
"2094 Owens Vista Apt. 074
Port Beaubury, WA 76825-3097",nolan.aaden@pagacjacobs.com,Dr. Jairo Swift,6
"5082 Mohr Ridges
North Sherwinshire, RI 89730-2505",shanda16@kihn.com,Alfie Roob,7
"85627 Mickey Well
North Coty, SC 91717",tinnie84@gmail.com,Ivie Ratke DDS,8
"128 Hideo Overpass Suite 387
Gaynellchester, GU 75695",manley46@homenick.biz,Huston Swift,9
"1585 Stanton Pike
South Helenaburgh, NC 33663-2753",walsh.hazle@davis.com,Mrs. Rolanda Trantow MD,10
"USS Osinski
FPO AA 49262-7187",pamella.parisian@blanda.com,Dr. Jeb Hayes,11
"31936 Dereck Key
Ambersville, AS 94543-5236",avah.miller@walter.com,Mrs. Dellia Wiza DDS,12
"2441 Rau Extensions Suite 120
South Gaines, UT 62889-5782",lang.pearley@gmail.com,Noel Langosh,13
"5513 Batz Valleys
North Carlee, MS 65811-4214",rernser@gmail.com,Eugenio Glover IV,14
"4535 Stanton Prairie
New Trumaine, IN 70350",almira.schuster@hanebernier.com,Reinaldo Romaguera,15
"45973 Eichmann Valleys Suite 495
Luranaborough, HI 80338-5102",ashton.franecki@gmail.com,Dr. Holli Bernier PhD,16
"300 McDermott Wall
Swiftburgh, IL 64069",marleigh.kihn@pagac.org,Ms. Genevieve Smitham,17
"Unit 9804 Box 6703
DPO AA 87349-9303",thartmann@littel.com,Add Stanton,18
"8508 Korbin Row
Port Keila, NC 97203-6118",vlynch@hotmail.com,Shad Franecki,19
"82223 Fielding Via Suite 568
North Escostad, CA 18401-9600",trae.lindgren@yahoo.com,Charlene Jakubowski,20
"278 Jayson Spring
Cheriseberg, OH 49155-4968",jalyn78@stanton.com,Mrs. Jammie Nikolaus MD,21
"114 Stamm Trafficway
New Adlai, GA 36421",dante27@hotmail.com,Ford Jerde,22
"Unit 5464 Box 3908
DPO AA 58877-1263",henderson46@jerde.com,Krysta Fritsch PhD,23
"1030 O'Keefe Square
West Ottieton, OR 99005",abbott.charlize@yahoo.com,Elvis Berge,24
"389 Marquise Plains Apt. 193
New Adinshire, NY 47301",botsford.roxane@gmail.com,Tawanda Johns DDS,25
"397 Miner Court Suite 386
Leannonburgh, MN 16550-3634",ppowlowski@yahoo.com,Britni Morissette,26
"69757 Wuckert Summit
Hayleychester, VA 01692",rdare@gmail.com,Nello Osinski,27
"Unit 5617 Box 5500
DPO AP 12401-4783",mebert@yahoo.com,Jasmyn Jakubowski DVM,28
"2548 Lockman Oval
West Liddie, NJ 55806-9680",labadie.blaise@gulgowski.com,Janeen Kuhn,29
