price,product_description,product_id,product_name
677,White accept member throw same about.,0,productSiddie Jakubowski
789,Letter movement law century plan.,1,productDr. Joycelyn Bradtke DVM
792,Hair voice market either push.,2,productSanai Ortiz
945,On least coach detail practice.,3,productRaoul Murray Sr.
765,Bar they body expert each father.,4,productDino Conroy
590,Growth success eat there your.,5,productDr. Drury Torp MD
523,Power close need race task station cup.,6,productLillian Bernhard
809,Sing few case high pull ball end.,7,productClarabelle Halvorson MD
101,To hope action research glass every.,8,productDenis Howell
136,Do arm claim deal.,9,productDr. Aric DuBuque MD
191,Feeling no customer inside know.,10,productMr. Gerry Stracke
327,Various every parent meeting tax.,11,productHali Monahan
981,Tell yard may vote wide.,12,productMr. Pleas Hirthe
379,Store on cultural suffer fast.,13,productMrs. Floy Smith
464,Close magazine north when himself far.,14,productDr. Selmer Bahringer
617,Think push start wife tend instead.,15,productGlenna McClure
515,I create purpose simple some letter.,16,productLatisha Mayert
771,Travel ago future establish job start.,17,productMiss Gertrude Hayes
423,Item watch age still morning people.,18,productJodi Ortiz
675,Late up bank seem we thus.,19,productGale Gusikowski
499,Ok some friend beat nice.,20,productShane Steuber
458,Visit probably strategy company.,21,productMr. Alford McKenzie
428,Stay development out course.,22,productLatoya Kassulke
355,Respond idea movie behind indeed argue.,23,productMs. Dorcas Lockman
287,Me describe still establish scientist.,24,productLoda Stiedemann
328,Often deal dinner positive.,25,productMs. Agatha Keeling
936,Pass five wife true fly.,26,productMissouri Metz
183,View store work one your.,27,productMiss Abigayle Auer
410,Image old us data instead role.,28,productRiley Rowe
736,General idea control purpose.,29,productMr. Koby King Jr.
991,Plant participant Mrs Republican wife.,30,productCorrina Beer DDS
849,Report bag apply meeting power think.,31,productLannie Willms
692,Agreement kid special accept base.,32,productAbigale Yost
429,Appear according research catch.,33,productSharde Mohr
465,Your partner produce thousand.,34,productCoty Weissnat
545,Get rich free kid all but.,35,productJordan Barrows
445,Arm page responsibility event run.,36,productMichell Lehner
128,Hit task many stage news Republican my.,37,productAtha Boyer
382,Sort rich today president.,38,productDr. Val Kohler V
830,Full old thought a share imagine find.,39,productIlda Bogisich
261,Executive score certain become.,40,productLonzo Trantow V
401,Deep machine degree well none run now.,41,productEithel Hessel
752,Minute here group sell.,42,productJamari Berge
454,Use data sign paper could near.,43,productBobbye Purdy
955,Statement just boy computer country.,44,productAlisson Tremblay
931,Behind expert evidence vote edge.,45,productMathews O'Hara
242,Key different stay lay over.,46,productKristian Okuneva
469,Tv set set should space right keep.,47,productDr. Camren Reinger
848,Likely turn shoulder different wall.,48,productHallie Abbott
687,Drug today young expert mission.,49,productAlexandr Weber
